task,amount
Total Expenses,2599.6800000000003
living,734.25
entertainment,170.79
Total Income,50200.0
catering,293.74
shopping,1400.8999999999999
