Category,Amount
Total Income,200.0
Total Expenses,1803.9500000000003
living,472.5
entertainment,125.8
catering,255.9
shopping,949.75
99999999999
shopping,452.04999999999995
